chapter,chapter_title,original_paragraph_index,type,original,replacement,reason
4,CHAPTER 4 — Cain,1445,terminology,A server in a green apron approached with two laminated menus.,A waitress in a green apron approached with two laminated menus.,UK-set restaurant terminology: use waitress for the identified female member of staff; reserve server for Zoe’s American lexical voice or explicit business terminology.
4,CHAPTER 4 — Cain,1453,terminology,The server looked between them.,The waitress looked between them.,UK-set restaurant terminology: use waitress for the identified female member of staff; reserve server for Zoe’s American lexical voice or explicit business terminology.
4,CHAPTER 4 — Cain,1462,terminology,The server led them towards the rear.,The waitress led them towards the rear.,UK-set restaurant terminology: use waitress for the identified female member of staff; reserve server for Zoe’s American lexical voice or explicit business terminology.
4,CHAPTER 4 — Cain,1467,terminology,The server placed the menus down.,The waitress placed the menus down.,UK-set restaurant terminology: use waitress for the identified female member of staff; reserve server for Zoe’s American lexical voice or explicit business terminology.
4,CHAPTER 4 — Cain,1483,terminology,He looked at the server.,He looked at the waitress.,UK-set restaurant terminology: use waitress for the identified female member of staff; reserve server for Zoe’s American lexical voice or explicit business terminology.
4,CHAPTER 4 — Cain,1488,terminology,The server considered the photograph.,The waitress considered the photograph.,UK-set restaurant terminology: use waitress for the identified female member of staff; reserve server for Zoe’s American lexical voice or explicit business terminology.
4,CHAPTER 4 — Cain,1498,terminology,The server did not laugh or become impatient.,The waitress did not laugh or become impatient.,UK-set restaurant terminology: use waitress for the identified female member of staff; reserve server for Zoe’s American lexical voice or explicit business terminology.
4,CHAPTER 4 — Cain,1507,terminology,The server wrote it down without comment.,The waitress wrote it down without comment.,UK-set restaurant terminology: use waitress for the identified female member of staff; reserve server for Zoe’s American lexical voice or explicit business terminology.
4,CHAPTER 4 — Cain,1514,terminology,The server collected the menus.,The waitress collected the menus.,UK-set restaurant terminology: use waitress for the identified female member of staff; reserve server for Zoe’s American lexical voice or explicit business terminology.
4,CHAPTER 4 — Cain,1550,terminology,The server returned with two sealed bottles of water and Elias’s tea.,The waitress returned with two sealed bottles of water and Elias’s tea.,UK-set restaurant terminology: use waitress for the identified female member of staff; reserve server for Zoe’s American lexical voice or explicit business terminology.
4,CHAPTER 4 — Cain,1585,terminology,The server saw.,The waitress saw.,UK-set restaurant terminology: use waitress for the identified female member of staff; reserve server for Zoe’s American lexical voice or explicit business terminology.
4,CHAPTER 4 — Cain,1593,terminology,The server smiled and left.,The waitress smiled and left.,UK-set restaurant terminology: use waitress for the identified female member of staff; reserve server for Zoe’s American lexical voice or explicit business terminology.
4,CHAPTER 4 — Cain,1614,terminology,No request that might bring the server back.,No request that might bring the waitress back.,UK-set restaurant terminology: use waitress for the identified female member of staff; reserve server for Zoe’s American lexical voice or explicit business terminology.
4,CHAPTER 4 — Cain,1722,terminology,The server approached with a jug of water.,The waitress approached with a jug of water.,UK-set restaurant terminology: use waitress for the identified female member of staff; reserve server for Zoe’s American lexical voice or explicit business terminology.
4,CHAPTER 4 — Cain,1727,terminology,"The server topped up Elias’s glass, collected an empty plate from the next table and moved away.","The waitress topped up Elias’s glass, collected an empty plate from the next table and moved away.",UK-set restaurant terminology: use waitress for the identified female member of staff; reserve server for Zoe’s American lexical voice or explicit business terminology.
4,CHAPTER 4 — Cain,1911,terminology,"“When you reach the corridor, look through the small window in the fire door. If anyone enters behind you, return to the dining room and go to the server. Do not enter the toilets with someone following.”","“When you reach the corridor, look through the small window in the fire door. If anyone enters behind you, return to the dining room and go to the waitress. Do not enter the toilets with someone following.”",UK-set restaurant terminology: use waitress for the identified female member of staff; reserve server for Zoe’s American lexical voice or explicit business terminology.
4,CHAPTER 4 — Cain,1921,terminology,"“Then the restaurant remains safer than the car park. You go to the server and tell her to call airport police, not the number in your travel documents.”","“Then the restaurant remains safer than the car park. You go to the waitress and tell her to call airport police, not the number in your travel documents.”",UK-set restaurant terminology: use waitress for the identified female member of staff; reserve server for Zoe’s American lexical voice or explicit business terminology.
4,CHAPTER 4 — Cain,1934,terminology,“The server. Airport police.”,“The waitress. Airport police.”,UK-set restaurant terminology: use waitress for the identified female member of staff; reserve server for Zoe’s American lexical voice or explicit business terminology.
4,CHAPTER 4 — Cain,1948,terminology,The server carried plates between tables.,The waitress carried plates between tables.,UK-set restaurant terminology: use waitress for the identified female member of staff; reserve server for Zoe’s American lexical voice or explicit business terminology.
5,CHAPTER 5 — Three Minutes,2072,terminology,The server carried two mugs towards the counter.,The waitress carried two mugs towards the counter.,UK-set restaurant terminology: use waitress for the identified female member of staff; reserve server for Zoe’s American lexical voice or explicit business terminology.
5,CHAPTER 5 — Three Minutes,2096,terminology,The server approached with the bill.,The waitress approached with the bill.,UK-set restaurant terminology: use waitress for the identified female member of staff; reserve server for Zoe’s American lexical voice or explicit business terminology.
5,CHAPTER 5 — Three Minutes,2103,terminology,The server checked the notes.,The waitress checked the notes.,UK-set restaurant terminology: use waitress for the identified female member of staff; reserve server for Zoe’s American lexical voice or explicit business terminology.
5,CHAPTER 5 — Three Minutes,2108,terminology,The server glanced towards the entrance.,The waitress glanced towards the entrance.,UK-set restaurant terminology: use waitress for the identified female member of staff; reserve server for Zoe’s American lexical voice or explicit business terminology.
5,CHAPTER 5 — Three Minutes,2121,terminology,She looked at the server.,She looked at the waitress.,UK-set restaurant terminology: use waitress for the identified female member of staff; reserve server for Zoe’s American lexical voice or explicit business terminology.
6,CHAPTER 6 — Walk Normally,2263,terminology,A server emerged from the kitchen carrying three plates and forced Elias to alter his path without changing speed. Zoe followed the movement late and nearly struck the corner of a table.,A member of staff emerged from the kitchen carrying three plates and forced Elias to alter his path without changing speed. Zoe followed the movement late and nearly struck the corner of a table.,UK-set restaurant terminology without inventing the gender of an unidentified employee.
10,CHAPTER 10 — Still Awake,3178,punctuation,She recognised him now as the man she would later see at the service station— the one whose face had emptied when he recognised Elias.,She recognised him now as the man she would later see at the service station—the one whose face had emptied when he recognised Elias.,Style sheet: em dashes are closed (no surrounding spaces) in prose; spaced dashes are retained only as data/label separators.
37,CHAPTER 37 — The Collision,21084,punctuation,"He gave her a number. Elaine knew the range now. Martin’s protected-placement extensions. She looked at the seven boxes. Someone had waited until the morning North Vale asked Westmere not to move anything— then arranged to move seven boxes. Maybe there was an innocent explanation. If there was, the records could stay exactly where they were until somebody provided it. “You’re not taking them.”","He gave her a number. Elaine knew the range now. Martin’s protected-placement extensions. She looked at the seven boxes. Someone had waited until the morning North Vale asked Westmere not to move anything—then arranged to move seven boxes. Maybe there was an innocent explanation. If there was, the records could stay exactly where they were until somebody provided it. “You’re not taking them.”",Style sheet: em dashes are closed (no surrounding spaces) in prose; spaced dashes are retained only as data/label separators.
37,CHAPTER 37 — The Collision,21232,punctuation,That removed some of the satisfaction. If North Vale contacted the wrong person tomorrow— or Westmere moved too quickly— or somebody panicked— Zoe could not stop it. She had wanted the truth to survive without her.,That removed some of the satisfaction. If North Vale contacted the wrong person tomorrow—or Westmere moved too quickly—or somebody panicked—Zoe could not stop it. She had wanted the truth to survive without her.,Style sheet: em dashes are closed (no surrounding spaces) in prose; spaced dashes are retained only as data/label separators.
38,CHAPTER 38 — The Cost,21553,punctuation,If they recovered Zoe— if they recovered the archive— if North Vale’s inquiry could somehow be contained— if Westmere could be convinced the suspect cases belonged to dead administrators— then perhaps every previous decision could still be made to look necessary. Not good. Necessary. Failure did something worse than expose crime. It made the crime look pointless. Cain continued: “We cannot walk away after everything this has cost.”,If they recovered Zoe—if they recovered the archive—if North Vale’s inquiry could somehow be contained—if Westmere could be convinced the suspect cases belonged to dead administrators—then perhaps every previous decision could still be made to look necessary. Not good. Necessary. Failure did something worse than expose crime. It made the crime look pointless. Cain continued: “We cannot walk away after everything this has cost.”,Style sheet: em dashes are closed (no surrounding spaces) in prose; spaced dashes are retained only as data/label separators.
40,CHAPTER 40 — Through Glass,22792,punctuation,It sounded almost honourable. That was the problem. Helen looked back through the glass. Zoe picked up a pencil. The resemblance was not perfect. Different nose. Different eyebrows. Different posture. A different child. Helen felt relief. Dangerous relief. Not a replacement. See? Different. A new child. A new chance. The resemblance only meant— Fate.,It sounded almost honourable. That was the problem. Helen looked back through the glass. Zoe picked up a pencil. The resemblance was not perfect. Different nose. Different eyebrows. Different posture. A different child. Helen felt relief. Dangerous relief. Not a replacement. See? Different. A new child. A new chance. The resemblance only meant—Fate.,Style sheet: em dashes are closed (no surrounding spaces) in prose; spaced dashes are retained only as data/label separators.
40,CHAPTER 40 — Through Glass,22906,punctuation,The difference mattered. They had left. They had time. They had distance. No dark glass in front of them. No Zoe smiling through a mirror. And still— Later. Yes.,The difference mattered. They had left. They had time. They had distance. No dark glass in front of them. No Zoe smiling through a mirror. And still—Later. Yes.,Style sheet: em dashes are closed (no surrounding spaces) in prose; spaced dashes are retained only as data/label separators.
31,CHAPTER 31 — The Profile,16313,punctuation,“If they lost a child…”,“If they lost a child...”,Style sheet: use three-period ellipsis consistently in prose/dialogue.
31,CHAPTER 31 — The Profile,16694,punctuation,“So if it works…”,“So if it works...”,Style sheet: use three-period ellipsis consistently in prose/dialogue.
31,CHAPTER 31 — The Profile,16940,punctuation,“So the better the family works…”,“So the better the family works...”,Style sheet: use three-period ellipsis consistently in prose/dialogue.
31,CHAPTER 31 — The Profile,17030,punctuation,“And if two different questions make the same hidden people panic…”,“And if two different questions make the same hidden people panic...”,Style sheet: use three-period ellipsis consistently in prose/dialogue.
37,CHAPTER 37 — The Collision,21295,punctuation,“If they stop now…”,“If they stop now...”,Style sheet: use three-period ellipsis consistently in prose/dialogue.
37,CHAPTER 37 — The Collision,21296,punctuation,"She tried to find the thought. Not the professional version. The actual one. “If they stop now, then all the things they did to keep it going were just…”","She tried to find the thought. Not the professional version. The actual one. “If they stop now, then all the things they did to keep it going were just...”",Style sheet: use three-period ellipsis consistently in prose/dialogue.
41,CHAPTER 41 — Jackie,23161,punctuation,“But if she adds something only Jackie would add…”,“But if she adds something only Jackie would add...”,Style sheet: use three-period ellipsis consistently in prose/dialogue.
21,CHAPTER 21 — The Boy Before,8958,hyphenation,The adult–child boundary remained real.,The adult-child boundary remained real.,"Style sheet: use a hyphen, not an en dash, in the simple compound adult-child."
45,CHAPTER 45 — Controlled Detonation,25965,hyphenation,Cain sat in a multistorey car park and watched families loading shopping into cars.,Cain sat in a multi-storey car park and watched families loading shopping into cars.,British-English/style-sheet consistency with existing multi-storey usage.
29,CHAPTER 29 — The Mirror,14766,spelling,Requestor category.,Requester category.,Terminology consistency: requester is the preferred spelling and is already used elsewhere in the manuscript.
42,CHAPTER 42 — The Second Decoy,24121,paragraph-boundary repair,And it turned everything after the door into another guess. Jackie stayed seated. The choice hurt more because the door was open. Then she saw the coach. Children in uniform. Teacher counting them. Backpacks. Noise. For half a second her brain offered the old solution. Disappear into them. Confusion. Wrong child. Wrong direction. Zoe’s coat. The first || decoy. No. Jackie stayed where she was. She was not turning another group of children into cover. Not again.,And it turned everything after the door into another guess. Jackie stayed seated. The choice hurt more because the door was open. Then she saw the coach. Children in uniform. Teacher counting them. Backpacks. Noise. For half a second her brain offered the old solution. Disappear into them. Confusion. Wrong child. Wrong direction. Zoe’s coat. The first decoy. No. Jackie stayed where she was. She was not turning another group of children into cover. Not again.,Repair clear PDF-page-boundary sentence split in Phase 1 reflow source.
42,CHAPTER 42 — The Second Decoy,24001,paragraph-boundary repair,"“Instruction was north.” The legal woman said: “Instruction changed.” “By who?” “Central.” “That isn’t a person.” “Drive.” They left the dual carriageway. More buildings. More traffic. The legal woman made another call. “No, she’s with us.” Pause. “No.” Another pause. “What || site?” Jackie looked at her hands. The woman listened. “That’s unrelated.” Pause. “Fine.” She ended the call. The driver glanced across.","“Instruction was north.” The legal woman said: “Instruction changed.” “By who?” “Central.” “That isn’t a person.” “Drive.” They left the dual carriageway. More buildings. More traffic. The legal woman made another call. “No, she’s with us.” Pause. “No.” Another pause. “What site?” Jackie looked at her hands. The woman listened. “That’s unrelated.” Pause. “Fine.” She ended the call. The driver glanced across.",Repair clear PDF-page-boundary sentence split in Phase 1 reflow source.
42,CHAPTER 42 — The Second Decoy,23705,paragraph-boundary repair,Same person Jackie had seen at more than one property. That meant the move was not just a car. Paperwork was moving too. Authority. Or something pretending to be authority. A second message arrived. They took my shoes from hall. New coat on chair. Move definitely. Zoe stared at the last part. New coat. Not hers. Good. No disguise. No pretending to || be Zoe. Jackie would leave as Jackie. The decoy existed somewhere else. Elias said: “Nothing back unless she asks.” Zoe nodded. Jackie already knew what they needed. Timing. Not heroics. Not registration plates if obtaining one meant staring too long. Not names she had to steal.,Same person Jackie had seen at more than one property. That meant the move was not just a car. Paperwork was moving too. Authority. Or something pretending to be authority. A second message arrived. They took my shoes from hall. New coat on chair. Move definitely. Zoe stared at the last part. New coat. Not hers. Good. No disguise. No pretending to be Zoe. Jackie would leave as Jackie. The decoy existed somewhere else. Elias said: “Nothing back unless she asks.” Zoe nodded. Jackie already knew what they needed. Timing. Not heroics. Not registration plates if obtaining one meant staring too long. Not names she had to steal.,Repair clear PDF-page-boundary sentence split in Phase 1 reflow source.
40,CHAPTER 40 — Through Glass,23005,paragraph-boundary repair,You saw me through glass. She did not say it aloud. Not to Elias. Not to Helen. It belonged to Zoe until she decided otherwise. A delivery van passed. The driver did not look at them. Someone opened a window in || the office section. A phone rang faintly inside. Ordinary place. Ordinary morning. Zoe turned away. “That’s enough.” They walked back to the car.,You saw me through glass. She did not say it aloud. Not to Elias. Not to Helen. It belonged to Zoe until she decided otherwise. A delivery van passed. The driver did not look at them. Someone opened a window in the office section. A phone rang faintly inside. Ordinary place. Ordinary morning. Zoe turned away. “That’s enough.” They walked back to the car.,Repair clear PDF-page-boundary sentence split in Phase 1 reflow source.
38,CHAPTER 38 — The Cost,21486,paragraph-boundary repair,"“I eat.” “You eat things because your body threatens you.” “That counts.” “It does not.” “Friends?” “Not many.” Zoe stared. “That is depressing.” “Yes.” “Do you hear yourself?” “Frequently.” The dryer turned. A red || sock appeared, vanished, appeared again. Zoe went quiet. Then: “Reyes.” Elias’s face changed. “That is not my cost.” “He died because of all this.” “He died because people made choices.” “You know what I mean.” “Yes.” “But you don’t count him.” “No.” “Why?” Elias took a moment. “Because people aren’t payments.”","“I eat.” “You eat things because your body threatens you.” “That counts.” “It does not.” “Friends?” “Not many.” Zoe stared. “That is depressing.” “Yes.” “Do you hear yourself?” “Frequently.” The dryer turned. A red sock appeared, vanished, appeared again. Zoe went quiet. Then: “Reyes.” Elias’s face changed. “That is not my cost.” “He died because of all this.” “He died because people made choices.” “You know what I mean.” “Yes.” “But you don’t count him.” “No.” “Why?” Elias took a moment. “Because people aren’t payments.”",Repair clear PDF-page-boundary sentence split in Phase 1 reflow source.
37,CHAPTER 37 — The Collision,21152,paragraph-boundary repair,"She opened the old policy. For the first time that day, something made immediate sense. RPA was real. It existed for placements where information genuinely had to be tightly controlled. Domestic abuse. Threats from organised crime. Trafficking risk. Cases where publishing an address or circulating identities too || widely could put a child or family in danger. Elaine felt relief. Briefly. Then she checked the authority chains. Most RPA cases contained exactly what she expected. External statutory authority. Independent records. Normal safeguarding reasons for secrecy. A smaller group did not. Those cases went through the same old legal infrastructure already causing problems. Elaine read the policy again. Nothing about RPA was inherently wrong. That was the disturbing part. Someone had not invented a fake confidentiality system. They had used a real one. Elaine added a short note to the incident. RPA was a legitimate confidentiality function. A subset of historic cases requires review because independent statutory authority has not yet been verified. No broader accusation. No dramatic language. Enough.","She opened the old policy. For the first time that day, something made immediate sense. RPA was real. It existed for placements where information genuinely had to be tightly controlled. Domestic abuse. Threats from organised crime. Trafficking risk. Cases where publishing an address or circulating identities too widely could put a child or family in danger. Elaine felt relief. Briefly. Then she checked the authority chains. Most RPA cases contained exactly what she expected. External statutory authority. Independent records. Normal safeguarding reasons for secrecy. A smaller group did not. Those cases went through the same old legal infrastructure already causing problems. Elaine read the policy again. Nothing about RPA was inherently wrong. That was the disturbing part. Someone had not invented a fake confidentiality system. They had used a real one. Elaine added a short note to the incident. RPA was a legitimate confidentiality function. A subset of historic cases requires review because independent statutory authority has not yet been verified. No broader accusation. No dramatic language. Enough.",Repair clear PDF-page-boundary sentence split in Phase 1 reflow source.
37,CHAPTER 37 — The Collision,21058,paragraph-boundary repair,The second ended in a lawful permanent placement. Court record. Named statutory team. Nothing unusual. The third began normally. Then changed. External authority. Restricted transfer. The same historic legal administrator as H09-55216. Elaine opened one more. Different administrator. Different year. But the verification number buried in the scanned paperwork belonged to the same old service range Martin had described. She stopped. Four cases were enough. This was no longer one misplaced suffix. It was also nowhere near enough to accuse every restricted case Westmere had ever handled. Elaine opened an internal incident. Potential historic misuse of external authority in || restricted-placement cases. Then beneath it: Review adult process and authority records only. Child identities restricted to safeguarding need. She saved it. No printout. No uncontrolled copies. Then she called current legal.,The second ended in a lawful permanent placement. Court record. Named statutory team. Nothing unusual. The third began normally. Then changed. External authority. Restricted transfer. The same historic legal administrator as H09-55216. Elaine opened one more. Different administrator. Different year. But the verification number buried in the scanned paperwork belonged to the same old service range Martin had described. She stopped. Four cases were enough. This was no longer one misplaced suffix. It was also nowhere near enough to accuse every restricted case Westmere had ever handled. Elaine opened an internal incident. Potential historic misuse of external authority in restricted-placement cases. Then beneath it: Review adult process and authority records only. Child identities restricted to safeguarding need. She saved it. No printout. No uncontrolled copies. Then she called current legal.,Repair clear PDF-page-boundary sentence split in Phase 1 reflow source.
37,CHAPTER 37 — The Collision,21004,paragraph-boundary repair,"“Not that bit.” “What bit?” Martin gave a small, humourless laugh. “The protected-placement desk.” Elaine frowned. “There wasn’t a protected-placement desk.” “There was if you had the right extension.” Something cold settled beneath her ribs. “Who worked there?” “I don’t know.” “Martin.” “I mean it. We sent things to a number. Somebody || called back. Status changed. Job done.” “Did that ever bother you?” “Yes.” The speed of the answer surprised her. “Did you raise it?” “Once.” “And?” “My manager told me the cases involved security issues and I wasn’t cleared for the details.”","“Not that bit.” “What bit?” Martin gave a small, humourless laugh. “The protected-placement desk.” Elaine frowned. “There wasn’t a protected-placement desk.” “There was if you had the right extension.” Something cold settled beneath her ribs. “Who worked there?” “I don’t know.” “Martin.” “I mean it. We sent things to a number. Somebody called back. Status changed. Job done.” “Did that ever bother you?” “Yes.” The speed of the answer surprised her. “Did you raise it?” “Once.” “And?” “My manager told me the cases involved security issues and I wasn’t cleared for the details.”",Repair clear PDF-page-boundary sentence split in Phase 1 reflow source.
37,CHAPTER 37 — The Collision,20975,paragraph-boundary repair,"Then looked at him. “They’re talking to each other.” “Yes.” “Without us.” Elias poured tea. Zoe waited. “So we don’t do anything?” “For now.” “That’s annoying.” “I expected you to say difficult.” “It can be both.” She || buttered another piece of toast. For once, nobody needed her to ask the next question. She was not sure whether she liked that.","Then looked at him. “They’re talking to each other.” “Yes.” “Without us.” Elias poured tea. Zoe waited. “So we don’t do anything?” “For now.” “That’s annoying.” “I expected you to say difficult.” “It can be both.” She buttered another piece of toast. For once, nobody needed her to ask the next question. She was not sure whether she liked that.",Repair clear PDF-page-boundary sentence split in Phase 1 reflow source.
36,CHAPTER 36 — The Old Job,20714,paragraph-boundary repair,That mattered. Vale could have searched the girl. School. Medical records. Current address. Whether she still lived with the receiving household. Whether she had ever returned to her mother. Whether her mother was still alive. She wanted to. The desire surprised her with its force. Not professional. Personal. She wanted one decent ending somewhere in the file. A reunion. An apology. A photograph. Anything that would reduce what sat on the table. Her hand rested on the || keyboard. Voss watched. “Don’t.” “I know.” “You don’t need her current life to prove the job.” “I know.” Vale stared at the screen. “She’d be grown now.”,That mattered. Vale could have searched the girl. School. Medical records. Current address. Whether she still lived with the receiving household. Whether she had ever returned to her mother. Whether her mother was still alive. She wanted to. The desire surprised her with its force. Not professional. Personal. She wanted one decent ending somewhere in the file. A reunion. An apology. A photograph. Anything that would reduce what sat on the table. Her hand rested on the keyboard. Voss watched. “Don’t.” “I know.” “You don’t need her current life to prove the job.” “I know.” Vale stared at the screen. “She’d be grown now.”,Repair clear PDF-page-boundary sentence split in Phase 1 reflow source.
36,CHAPTER 36 — The Old Job,20495,paragraph-boundary repair,Neither moved. Then Voss looked down at the five lines. Resistant. He let the word sit there until memory stopped being optional. A front room. Wallpaper. A narrow hallway. Someone’s television playing in another room. The temporary carer was a woman in her fifties. He remembered that first. Then stairs. The girl behind her. Not screaming. Not fighting. Standing behind the woman. Refusing to come forward. Voss’s stomach tightened. “She didn’t want to leave.” Vale said nothing. The memory || kept coming. The carer asked to see the order. Voss gave it to her. She read the first page. Then the second. Then returned to the first.,Neither moved. Then Voss looked down at the five lines. Resistant. He let the word sit there until memory stopped being optional. A front room. Wallpaper. A narrow hallway. Someone’s television playing in another room. The temporary carer was a woman in her fifties. He remembered that first. Then stairs. The girl behind her. Not screaming. Not fighting. Standing behind the woman. Refusing to come forward. Voss’s stomach tightened. “She didn’t want to leave.” Vale said nothing. The memory kept coming. The carer asked to see the order. Voss gave it to her. She read the first page. Then the second. Then returned to the first.,Repair clear PDF-page-boundary sentence split in Phase 1 reflow source.
35,CHAPTER 35 — The Missing Order,20101,paragraph-boundary repair,The motorway lights began coming on as evening reached || them.,The motorway lights began coming on as evening reached them.,Repair clear PDF-page-boundary sentence split in Phase 1 reflow source.
32,CHAPTER 32 — The Reaction,17321,paragraph-boundary repair,"Her expression changed. “Did you ask for money?” “No.” “Did they offer you work?” “No.” “Then why do you have two thousand four hundred pounds?” “I don’t.” “You know what I mean.” Three minutes later, the || status changed.","Her expression changed. “Did you ask for money?” “No.” “Did they offer you work?” “No.” “Then why do you have two thousand four hundred pounds?” “I don’t.” “You know what I mean.” Three minutes later, the status changed.",Repair clear PDF-page-boundary sentence split in Phase 1 reflow source.
32,CHAPTER 32 — The Reaction,17175,paragraph-boundary repair,"“Service revenue.” Voss wrote it down. Normal. “Thank you.” “One moment.” He waited. The typing stopped. The silence lasted long enough to become noticeable. Then: “Can I ask where you obtained that reference?” Voss looked at the clock. “Old contractor records.” “What company?” “No longer active.” “Do you still retain documents connected || to the account?” Across the room, Vale saw something change in his face. Not much. Enough. Voss picked up a pen.","“Service revenue.” Voss wrote it down. Normal. “Thank you.” “One moment.” He waited. The typing stopped. The silence lasted long enough to become noticeable. Then: “Can I ask where you obtained that reference?” Voss looked at the clock. “Old contractor records.” “What company?” “No longer active.” “Do you still retain documents connected to the account?” Across the room, Vale saw something change in his face. Not much. Enough. Voss picked up a pen.",Repair clear PDF-page-boundary sentence split in Phase 1 reflow source.
31,CHAPTER 31 — The Profile,16839,paragraph-boundary repair,D2 supported. Recipients signed || non-standard-route acknowledgement and sponsor-only query condition. Private administration payment confirmed. No proof || recipients knew child origin was fraudulent.,D2 supported. Recipients signed non-standard-route acknowledgement and sponsor-only query condition. Private administration payment confirmed. No proof recipients knew child origin was fraudulent.,Repair clear PDF-page-boundary sentence split in Phase 1 reflow source.
31,CHAPTER 31 — The Profile,16765,paragraph-boundary repair,Find what the old household actually knew. Paper || only. No contact. No child tracing.,Find what the old household actually knew. Paper only. No contact. No child tracing.,Repair clear PDF-page-boundary sentence split in Phase 1 reflow source.
31,CHAPTER 31 — The Profile,16620,paragraph-boundary repair,Recipient is not one thing. Find out what each adult || actually knew.,Recipient is not one thing. Find out what each adult actually knew.,Repair clear PDF-page-boundary sentence split in Phase 1 reflow source.
31,CHAPTER 31 — The Profile,16468,paragraph-boundary repair,Sponsor appears four months after adoption || refusal. Source unknown.,Sponsor appears four months after adoption refusal. Source unknown.,Repair clear PDF-page-boundary sentence split in Phase 1 reflow source.
31,CHAPTER 31 — The Profile,16461,paragraph-boundary repair,Zoe stared at the gaps between the dates. “They waited.” “Looks like it.” “They didn’t just find any child.” “No.” “They waited for the right one.” Elias said nothing. The sponsor code was K08. Unknown to them. But the || pattern felt familiar. Someone outside the household had opened the door. Someone who somehow knew the lawful route had failed. “How would they know?” “Lots of possibilities.” “Friend.” “Possibly.” “Family.” “Possibly.” “Someone from the adoption process.” “Possible.” “Someone they complained to.”,Zoe stared at the gaps between the dates. “They waited.” “Looks like it.” “They didn’t just find any child.” “No.” “They waited for the right one.” Elias said nothing. The sponsor code was K08. Unknown to them. But the pattern felt familiar. Someone outside the household had opened the door. Someone who somehow knew the lawful route had failed. “How would they know?” “Lots of possibilities.” “Friend.” “Possibly.” “Family.” “Possibly.” “Someone from the adoption process.” “Possible.” “Someone they complained to.”,Repair clear PDF-page-boundary sentence split in Phase 1 reflow source.
31,CHAPTER 31 — The Profile,16326,paragraph-boundary repair,Did they deliberately match resemblance to the || child who died?,Did they deliberately match resemblance to the child who died?,Repair clear PDF-page-boundary sentence split in Phase 1 reflow source.
31,CHAPTER 31 — The Profile,16200,paragraph-boundary repair,What do they choose in the adults before they || choose the child?,What do they choose in the adults before they choose the child?,Repair clear PDF-page-boundary sentence split in Phase 1 reflow source.
30,CHAPTER 30 — The Order,16166,paragraph-boundary repair,What do they choose in the adults before they choose || the child?,What do they choose in the adults before they choose the child?,Repair clear PDF-page-boundary sentence split in Phase 1 reflow source.
30,CHAPTER 30 — The Order,16115,paragraph-boundary repair,Calling removal “recovery” can make it sound like || restoration rather than taking.,Calling removal “recovery” can make it sound like restoration rather than taking.,Repair clear PDF-page-boundary sentence split in Phase 1 reflow source.
30,CHAPTER 30 — The Order,16048,paragraph-boundary repair,This proves how they could do it. Not yet that they did || mine the same way.,This proves how they could do it. Not yet that they did mine the same way.,Repair clear PDF-page-boundary sentence split in Phase 1 reflow source.
30,CHAPTER 30 — The Order,15842,paragraph-boundary repair,Check disputed authority outside the chain that gave || it to you.,Check disputed authority outside the chain that gave it to you.,Repair clear PDF-page-boundary sentence split in Phase 1 reflow source.
30,CHAPTER 30 — The Order,15456,paragraph-boundary repair,"The receiving authority may undertake recovery, || transport and relocation as reasonably required to || give effect to this order.","The receiving authority may undertake recovery, transport and relocation as reasonably required to give effect to this order.",Repair clear PDF-page-boundary sentence split in Phase 1 reflow source.
30,CHAPTER 30 — The Order,15451,paragraph-boundary repair,Current temporary placement shall continue pending || review listed for six weeks from today.,Current temporary placement shall continue pending review listed for six weeks from today.,Repair clear PDF-page-boundary sentence split in Phase 1 reflow source.
30,CHAPTER 30 — The Order,15447,paragraph-boundary repair,Current placement authority is transferred to an || approved protective placement provider pending || permanent direction.,Current placement authority is transferred to an approved protective placement provider pending permanent direction.,Repair clear PDF-page-boundary sentence split in Phase 1 reflow source.
30,CHAPTER 30 — The Order,15441,paragraph-boundary repair,Contact between the child and the mother shall || continue under supervision as presently arranged.,Contact between the child and the mother shall continue under supervision as presently arranged.,Repair clear PDF-page-boundary sentence split in Phase 1 reflow source.
30,CHAPTER 30 — The Order,15438,paragraph-boundary repair,Contact between the child and the mother is || suspended pending further safeguarding review.,Contact between the child and the mother is suspended pending further safeguarding review.,Repair clear PDF-page-boundary sentence split in Phase 1 reflow source.
29,CHAPTER 29 — The Mirror,15016,paragraph-boundary repair,restricted reference causes wider reaction. don’t know || why yet.,restricted reference causes wider reaction. don’t know why yet.,Repair clear PDF-page-boundary sentence split in Phase 1 reflow source.
29,CHAPTER 29 — The Mirror,14966,paragraph-boundary repair,"Please provide your full name, organisation, contact || number and reason for request.","Please provide your full name, organisation, contact number and reason for request.",Repair clear PDF-page-boundary sentence split in Phase 1 reflow source.
29,CHAPTER 29 — The Mirror,14779,paragraph-boundary repair,Does Meridian confirm MPS-17-4408 as an || authenticated-copy reference?,Does Meridian confirm MPS-17-4408 as an authenticated-copy reference?,Repair clear PDF-page-boundary sentence split in Phase 1 reflow source.
20,CHAPTER 20 — The First Mistake,7762,paragraph-boundary repair,One wanted to cut her own hair. One said school rules were psychological warfare. They recommended || cheaper shampoo because the green one smelled like furniture polish.,One wanted to cut her own hair. One said school rules were psychological warfare. They recommended cheaper shampoo because the green one smelled like furniture polish.,Repair clear PDF-page-boundary sentence split in Phase 1 reflow source.
19,CHAPTER 19 — Don’t Look at the Threat,7637,paragraph-boundary repair,"Zoe watched him take the first bite. “Well?” He considered the question with unnecessary seriousness. “Average.” She laughed. It escaped before she could stop it. Not loud. Not long. Real enough to alter the room. Elias cut another piece of bread and handed it to her. She took it. No one named what had just happened. Outside, a vehicle passed along the road beyond the poplars. Neither of them moved towards the window. They || listened to its speed, its direction and the point at which the engine faded. Then Zoe opened her new notebook. On the first page, she wrote:","Zoe watched him take the first bite. “Well?” He considered the question with unnecessary seriousness. “Average.” She laughed. It escaped before she could stop it. Not loud. Not long. Real enough to alter the room. Elias cut another piece of bread and handed it to her. She took it. No one named what had just happened. Outside, a vehicle passed along the road beyond the poplars. Neither of them moved towards the window. They listened to its speed, its direction and the point at which the engine faded. Then Zoe opened her new notebook. On the first page, she wrote:",Repair clear PDF-page-boundary sentence split in Phase 1 reflow source.
19,CHAPTER 19 — Don’t Look at the Threat,6893,paragraph-boundary repair,"“Sometimes. But surveillance is rarely somebody hiding behind a newspaper with eyeholes cut in it. Most of the time, every individual action is ordinary. A || person buys coffee. Another crosses the road. A car stops for thirty seconds. None of that means anything alone.”","“Sometimes. But surveillance is rarely somebody hiding behind a newspaper with eyeholes cut in it. Most of the time, every individual action is ordinary. A person buys coffee. Another crosses the road. A car stops for thirty seconds. None of that means anything alone.”",Repair clear PDF-page-boundary sentence split in Phase 1 reflow source.
17,CHAPTER 17 — First Lesson,5978,paragraph-boundary repair,"The cottage did not overlook the public road directly. From the front window she could see the track descending past the orchard and, through a break in the trees, a narrow slice of road near the valley || entrance. Vehicles appeared for only a few seconds before the stone bank concealed them.","The cottage did not overlook the public road directly. From the front window she could see the track descending past the orchard and, through a break in the trees, a narrow slice of road near the valley entrance. Vehicles appeared for only a few seconds before the stone bank concealed them.",Repair clear PDF-page-boundary sentence split in Phase 1 reflow source.
17,CHAPTER 17 — First Lesson,5898,paragraph-boundary repair,"The old electrical supply remained on only long enough to run the kettle and refrigerator. No networked meter, no digital thermostat, no router, || nothing that could announce occupancy more efficiently than light through a window.","The old electrical supply remained on only long enough to run the kettle and refrigerator. No networked meter, no digital thermostat, no router, nothing that could announce occupancy more efficiently than light through a window.",Repair clear PDF-page-boundary sentence split in Phase 1 reflow source.
17,CHAPTER 17 — First Lesson,5585,paragraph-boundary repair,"The front room held a fireplace, two mismatched chairs and a sofa hidden beneath a sheet. Books leaned together on shelves built into an alcove. A narrow || kitchen opened behind it, with copper pans above an old stove and a refrigerator that belonged to another decade.","The front room held a fireplace, two mismatched chairs and a sofa hidden beneath a sheet. Books leaned together on shelves built into an alcove. A narrow kitchen opened behind it, with copper pans above an old stove and a refrigerator that belonged to another decade.",Repair clear PDF-page-boundary sentence split in Phase 1 reflow source.
12,CHAPTER 12 — Home,3580,paragraph-boundary repair,"He stepped outside far enough to look both ways along the road. The porch light fell across his face. Zoe could see the small muscle near his || temple moving while he counted windows, cars, people who were not there.","He stepped outside far enough to look both ways along the road. The porch light fell across his face. Zoe could see the small muscle near his temple moving while he counted windows, cars, people who were not there.",Repair clear PDF-page-boundary sentence split in Phase 1 reflow source.
11,CHAPTER 11 — The Showing,3444,paragraph-boundary repair,"At the far end, an exterior door stood open. A wooden crate held it back while two men struggled to move an injured man towards a waiting || vehicle beyond it. One shouted for someone to clear the way. The other looked down at the blood on his hands.","At the far end, an exterior door stood open. A wooden crate held it back while two men struggled to move an injured man towards a waiting vehicle beyond it. One shouted for someone to clear the way. The other looked down at the blood on his hands.",Repair clear PDF-page-boundary sentence split in Phase 1 reflow source.
11,CHAPTER 11 — The Showing,3258,paragraph-boundary repair,"The liquid smelled faintly of orange with something medicinal underneath. She lifted it to her lips, tipped her head back and allowed || enough into her mouth to wet her tongue. Bitterness spread immediately. She held the rest against the inside of her cheek, trapped behind her back teeth, while the woman watched the bottom of the cup rise.","The liquid smelled faintly of orange with something medicinal underneath. She lifted it to her lips, tipped her head back and allowed enough into her mouth to wet her tongue. Bitterness spread immediately. She held the rest against the inside of her cheek, trapped behind her back teeth, while the woman watched the bottom of the cup rise.",Repair clear PDF-page-boundary sentence split in Phase 1 reflow source.
15,CHAPTER 15 — No Grandmother,4770,paragraph-boundary repair,“A || long time ago.” “Before Mac?”,“A long time ago.” || “Before Mac?”,Repair PDF-page-boundary split while preserving separate speakers in dialogue.
24,CHAPTER 24 — The Index,10743,source-production repair,computer thing that stops computer breaking evidence blank drive She || looked at Elias.,computer thing that stops computer breaking evidence || blank drive || She looked at Elias.,Separate Zoe’s notebook entries from narration; the canonical PDF had concatenated monospaced note text with narrative prose.
24,CHAPTER 24 — The Index,10747,source-production repair,two blank drives Then:,two blank drives || Then:,Separate notebook text from following narrative cue.
24,CHAPTER 24 — The Index,11205,source-production repair,"names addresses where they are Then, after a gap:","names addresses where they are || Then, after a gap:",Separate notebook text from following narrative cue.
25,CHAPTER 25 — Old Routes,11471,source-production repair,same route doesn’t mean same thing Then:,same route doesn’t mean same thing || Then:,Separate notebook text from following narrative cue.
25,CHAPTER 25 — Old Routes,11688,source-production repair,check somewhere else Then:,check somewhere else || Then:,Separate notebook text from following narrative cue.
28,CHAPTER 28 — The Query,14017,source-production repair,RECORD UNAVAILABLE - ARCHIVE MIGRATION Zoe frowned.,RECORD UNAVAILABLE - ARCHIVE MIGRATION || Zoe frowned.,Separate displayed system response from narration.
28,CHAPTER 28 — The Query,14039,source-production repair,DOCUMENT AUTHORITY CONFIRMATION Zoe read it.,DOCUMENT AUTHORITY CONFIRMATION || Zoe read it.,Separate displayed document label from narration.
29,CHAPTER 29 — The Mirror,15201,source-production repair,NEXT: FIND WHAT THE FALSE ORDER COPIED Elias read it.,NEXT: FIND WHAT THE FALSE ORDER COPIED || Elias read it.,Separate notebook heading from narration.
30,CHAPTER 30 — The Order,16165,source-production repair,THE PROFILE Then beneath it:,THE PROFILE || Then beneath it:,Separate notebook heading from narrative cue.
33,CHAPTER 33 — The Household,17950,source-production repair,The working copy was isolated on the desk. Zoe opened her notebook. At the top: P06-11803 Underneath: ADULT SIDE ONLY Then: What did Helen and Brian know? Elias read it. Zoe kept her hand off the trackpad.,The working copy was isolated on the desk. Zoe opened her notebook. At the top: || P06-11803 || Underneath: || ADULT SIDE ONLY || Then: || What did Helen and Brian know? || Elias read it. Zoe kept her hand off the trackpad.,Restore unambiguous notebook/narrative boundaries lost in the source PDF production pass.
33,CHAPTER 33 — The Household,17954,source-production repair,The household existed separately from Zoe. That was the first thing. Not underneath her file. Not created when she arrived. It already had its own recipient profile. RCP-0193 Sponsor: AC019 Mac. Zoe skipped the other classifications until one stopped her. D3 — KNOWING SHADOW PARTICIPANT She stared. She knew what D3 meant.,The household existed separately from Zoe. That was the first thing. Not underneath her file. Not created when she arrived. It already had its own recipient profile. RCP-0193 Sponsor: AC019 Mac. Zoe skipped the other classifications until one stopped her. D3 — KNOWING SHADOW PARTICIPANT || She stared. She knew what D3 meant.,Separate displayed classification from narration.
33,CHAPTER 33 — The Household,17955,source-production repair,She had learned the categories using someone else’s life. Unaware. Partially aware. Knowing. Operational. D3. Knowing. Zoe clicked the definition anyway. Maybe because she wanted to have remembered it wrong. She hadn’t. KNOWING SHADOW PARTICIPANT The tyre gun fired again. Zoe flinched this time. Not much. Enough to make her angry with herself. “They knew.”,She had learned the categories using someone else’s life. Unaware. Partially aware. Knowing. Operational. D3. Knowing. Zoe clicked the definition anyway. Maybe because she wanted to have remembered it wrong. She hadn’t. KNOWING SHADOW PARTICIPANT || The tyre gun fired again. Zoe flinched this time. Not much. Enough to make her angry with herself. “They knew.”,Separate displayed classification from narration.
34,CHAPTER 34 — The Real Organisation,18853,source-production repair,More contact. Another review. Then: RETURN — PARENTAL HOME Zoe stopped. Beneath that were twelve weeks of post-return support. School liaison. Home visits. Then: CLOSED — NO FURTHER ACTION She looked at Elias. “Home means home.” “It appears so.” “The child actually went back.” “Yes.” “And Westmere helped after.” “Yes.” Zoe checked for the things she had learned to recognise. No sponsor. No hidden recipient profile. No restricted document route. No BRG.,More contact. Another review. Then: || RETURN — PARENTAL HOME || Zoe stopped. Beneath that were twelve weeks of post-return support. School liaison. Home visits. Then: || CLOSED — NO FURTHER ACTION || She looked at Elias. “Home means home.” “It appears so.” “The child actually went back.” “Yes.” “And Westmere helped after.” “Yes.” Zoe checked for the things she had learned to recognise. No sponsor. No hidden recipient profile. No restricted document route. No BRG.,Restore unambiguous system-result/narrative boundaries lost in production.
34,CHAPTER 34 — The Real Organisation,19379,copy-edit/source-production repair,"She thought about it. A parasite did not build the body it lived inside. It used what was already there. The shadow route used Westmere’s vans. Its staff. Its case numbers. Its reputation. Its ordinary relationships with councils and schools and carers. It borrowed trust it had not earned. Zoe wrote: PARASITIC, NOT PARALLEL Then put the pen down. One phrase was enough. The page already proved the rest.","She thought about it. A parasite did not build the body it lived inside. It used what was already there. The shadow route used Westmere’s vans. Its staff. Its case numbers. Its reputation. Its ordinary relationships with councils and schools and carers. It borrowed trust it had not earned. Zoe wrote: || PARASITIC, NOT PARALLEL || Then she put the pen down. One phrase was enough. The page already proved the rest.",Separate notebook entry from narration and restore the omitted subject in the malformed sentence “Then put the pen down.”
37,CHAPTER 37 — The Collision,21081,source-production repair,Reason: urgent legal reconciliation Then she saw the date. Today. After North Vale’s preservation request. “Who instructed the reconciliation?”,Reason: urgent legal reconciliation || Then she saw the date. Today. After North Vale’s preservation request. “Who instructed the reconciliation?”,Separate document field from narration.
4,CHAPTER 4 — Cain,Phase2-current:1873,capitalisation,“Cameras. witnesses. uncertain resistance.”,“Cameras. Witnesses. Uncertain resistance.”,Sentence-initial capitalisation in dialogue.
24,CHAPTER 24 — The Index,Phase2-current:11021,capitalisation,AC019 - probably Mac. prove it,AC019 - probably Mac. Prove it,Sentence-initial capitalisation in Zoe’s notebook entry.
28,CHAPTER 28 — The Query,Phase2-current:14008,capitalisation,strong link. don’t invent the ending.,Strong link. Don’t invent the ending.,Sentence-initial capitalisation in notebook text.
28,CHAPTER 28 — The Query,Phase2-current:14156,capitalisation,Helen call later. maybe connected. DON’T KNOW.,Helen call later. Maybe connected. DON’T KNOW.,Sentence-initial capitalisation in notebook text.
29,CHAPTER 29 — The Mirror,Phase2-current:15012,capitalisation,restricted reference causes wider reaction. don’t know why yet.,Restricted reference causes wider reaction. Don’t know why yet.,Sentence-initial capitalisation in notebook text.
33,CHAPTER 33 — The Household,Phase2-current:18396,capitalisation,AC019 appears in old ledger as recipient sponsorship / Five-year retainer. Same confidential placement support. account later touches recovery work.,AC019 appears in old ledger as recipient sponsorship / Five-year retainer. Same confidential placement support. Account later touches recovery work.,Sentence-initial capitalisation in received message text.
36,CHAPTER 36 — The Old Job,Phase2-current:20208,capitalisation,Receipts. Fuel slips. handwritten timings. Duplicate route sheets. Notes on the backs of envelopes because apparently throwing paper away had offended him personally.,Receipts. Fuel slips. Handwritten timings. Duplicate route sheets. Notes on the backs of envelopes because apparently throwing paper away had offended him personally.,Sentence-initial capitalisation in narrative prose.
19,CHAPTER 19 — Don’t Look at the Threat,Phase2-current:7619,punctuation,"“ ‘You identified the pattern on your third lesson,’ ” Zoe said, imitating his voice badly.","“‘You identified the pattern on your third lesson,’” Zoe said, imitating his voice badly.",Remove stray spaces between nested quotation marks.
22,CHAPTER 22 — The Death Warrant,Phase2-current:9712,punctuation,“He included ‘two only.’ ”,“He included ‘two only.’”,Remove stray space before closing outer quotation mark.
37,CHAPTER 37 — The Collision,Phase2-current:21049,paragraph-boundary repair,"Priya heard her. “Yes, they are.” Voss said: “One case. || Properly || redacted.” “Good.” “Nothing identifying the child.” “I know.” “Nothing identifying the recipient.”","Priya heard her. “Yes, they are.” || Voss said: “One case. Properly redacted.” || “Good.” || “Nothing identifying the child.” || “I know.” || “Nothing identifying the recipient.”",Repair a clear Phase 1 PDF-page-boundary dialogue split and restore separate speakers/turns.
